<functionalModules projectName="IceMobile">
    <functionalModule name="thirdParty">
        <views/>
        <jsModules>cryptojs_core-min.js,cryptojs_aes_rollup.js,cryptojs_enc-base64-min.js,cryptojs_format-hex-min.js,cryptojs_hmac-min.js,cryptojs_pbkdf2-min.js,cryptojs_sha256-min.js,
        			dot_min.js,encoder.js,lodash_min.js,moment_with_langs_min.js,moment_timezone_with_data_min.js,promises.js,stacktrace.js,validator.js</jsModules>
    </functionalModule>
    <functionalModule name="coreApi">
        <dependentModules>thirdParty</dependentModules>
        <views/>
        <jsModules>cx_event.js,cx_core.js,cx_localStorageHelper.js,cx_encryptionHelper.js,cx_localizationManager.js,cx_dateFormatHelper.js,cx_profileManagement.js,cx_airportInformationUtilities.js,cx_airlineInformationUtilities.js,cx_officeInformationUtilities.js,cx_popUpHelper.js,cx_appSettingManager.js,cx_common.js,cx_global.js,cx_globalFunction.js,cx_exceptionHandler.js,cx_baseController.js,cx_baseService.js,cx_widgetDataHelper.js,cx_ibeFlightSearchResultParser.js, cx_ibeFlightSummaryParser.js,cx_constants.js, cx_ibeFlightSearchPanelController.js, cx_calendarController.js, cx_ibeODModel.js, cx_trackPageModel.js, cx_deepLinkingReferrerModel.js,cx_consentShownHelper.js,cx_appManager.js,cx_timerHelper.js</jsModules>
    </functionalModule>
    <functionalModule loadOnStartUp="true" name="startup">
        <dependentModules>coreApi,mmb,ibe,olci,firstTimeUser,flightStatus,prototype</dependentModules>
        <views>frmLoading,frmBrowser,frmFullScreenError</views>
        <jsModules>cx_content.js,cx_airlineInfoService.js,cx_airportInfoService.js,cx_officeInfoService.js,cx_appInit.js,cx_browserController.js,cx_checkForUpdateService.js,cx_loadingController.js,cx_localizationDataService.js,cx_metaUpdater.js,cx_metaDataHelper.js,cx_timeService.js,cx_signOutPopupController.js</jsModules>
    </functionalModule>
    <functionalModule loadOnStartUp="false" name="appApi">
        <dependentModules>coreApi</dependentModules>
        <views>popMsgBox,popMsgBox1Button,popMsgBox2,popMsgBoxOneButton,popNavPanel,frmDataPicker, segTemplateAirportItem,segTemplateCountryList,segTemplateDataPickerCommonItem,segTemplateNavManageBookings,segTemplateNavPanelBookings,segTemplateNavPanelItemActive,segTemplateNavPanelItemInactive,segTemplateNavPanelSubItem,segTemplateNoBookings,headerSwiperTip,footerEmpty,popOverlayPopup,SNCFMessageFooterTemplate,ibeFlightDetailsFooterTemplate,popNavPanelTransition,
        segFlexManageHotel,segFlexNavManageBookings,segFlexNavPanelBookings,segFlexNavPanelItemActive,segFlexNavPanelSubItem,segFlexTemplateNoBookings</views>
        <jsModules>cx_dataPickerController.js,cx_dataPickerWidgets.js,cx_formFieldFactory.js,cx_formFieldWidget.js,cx_fullScreenErrorController.js,cx_mmbGetOfficeInfoService.js,cx_navPanel.js,cx_navPanelBookingsInfoContent.js,cx_notificationBar.js,cx_popMsgBoxController.js,cx_msgBoxOneButtonController.js,cx_selectorBar.js,cx_settingsCommon.js,cx_settingsController.js,cx_statusBar.js,cx_toggleBar.js,cx_flexCheckbox.js,cx_flexRadioButton,cx_travelAlertBar.js,cx_travelAlertDetailsController.js,cx_travelAlertService.js,cx_notificationBarContainer.js,cx_callToAction.js,cx_formFieldAccessor1.js,cx_seatsContainer.js,cx_richTextList.js,cx_ruleEngine.js,cx_timeSynchronizer.js,cx_overlayPopupController.js,cx_phoneInputField.js,
                    cx_flexSelectorBar.js,cx_flexCallToAction.js,cx_flexStatusBar.js,cx_flexNotificationBar.js,cx_flexNavPanel.js,cx_base64Downloader.js,cx_trackHelper.js,cx_trackDataFactory.js,stopwatch.js,cx_timeZoneData.js,cx_timeZoneHelper.js</jsModules>
    </functionalModule>
    <functionalModule loadOnStartUp="false" name="core">
        <dependentModules>appApi</dependentModules>
        <views>frmCountry,frmDebug,frmHome,frmLanguage,frmNoticeContent,frmProfile,frmSettings,frmTravelAlertDetails,segTemplateLanguageItem, segTemplateTravelAlertDetails,popCTAMenu,segTemplateCTAMenu,segTemplateLegalLink, segTemplateLegalInfoLink
        </views>
        <jsModules>cx_debugController.js,cx_homeController.js,cx_languageController.js,cx_profileController.js</jsModules>
    </functionalModule>
    <functionalModule loadOnStartUp="false" name="firstTimeUser">
        <dependentModules>core</dependentModules>
        <views>frmAppTour,frmFirstTimeLocaleSettings,frmTermsOfUse,frmTermsOfUseTransition, segTemplateAppTour,segTemplateTermsofUse,frmAcceptTermsOfUse,segFlexTermsOfUse
        </views>
        <jsModules>cx_appTourController.js,cx_firstTimeLocaleSettingsController.js,cx_termsOfUseController.js,cx_termsOfUseTransitionController.js,cx_acceptTermsOfUseController.js</jsModules>
    </functionalModule>
    <functionalModule name="mmb">
        <dependentModules>core</dependentModules>
        <views>frmMmbPassengerAddMeal, frmMmbSpecialNote,segFlexFlightResultFilterSort, frmMmbSelectSeat, headerEmpty,headerTextStatusBar,signOutFooterTemplate,frmMmbManageFlight,frmMmbBookingLogin,frmMmbCancelBooking,frmMmbConsent,frmMmbConsent2,frmMmbFlightDetails,frmPassengerDetails,PopupProfileSignOut, segTemplatePassengers,segTemplatePassengerStatus,segTemplateRedeemInformation,frmBeforeYouFly,segTemplateBeforeYouFly,frmBoardingPassOptions,segBoardingPassOptions,popSNCFMessage,popMemberReauthenticate, frmMmbSelectSeatPreference, segSeatPreferences
        </views>
        <jsModules>cx_mmbPassengerAddMealController.js,cx_mmbSpecialNoteController.js, cx_mmbManagePassengerDetailsDelegate.js, cx_mmbSelectSeatController.js, cx_mmbManageFlightController.js,cx_beforeYouFlyController.js,cx_actionList.js,cx_cityImageUrl.js,cx_memberLoginService.js,cx_mmbBookingDetail.js,cx_mmbBookingDetailDelegate.js,cx_bookingCTARule.js,cx_bookingCTAAction.js,cx_bookingCTANotification.js,cx_bookingCTARemarkMessage.js,cx_mmbBookingDetailRenderingStrategy.js,cx_mmbBookingLoginController.js,cx_mmbCancelBookingController.js,cx_mmbCancelBookingService.js,cx_mmbConsentController.js,cx_mmbConsent2Controller.js,cx_mmbConsentWidgetGenerator.js,cx_mmbFlightDetailsController.js,cx_mmbFLightDetailsService,cx_mmbFlightDetailsUtilities.js,cx_mmbFLightSelectorBar.js,cx_mmbMemberBookingService.js,cx_mmbMemberProfileService.js,cx_mmbMemberService.js,cx_mmbPassengerDetailsService.js,cx_passengerDetailsController.js,cx_mmbService.js,cx_boardingPassOptions.js,cx_sNCFMessageController.js, cx_bookingPassengerDetailsCTARule.js,cx_memberReauthenticateController.js,cx_mmbAuditLogger.js,cx_mmbAuditLoggingService.js,cx_mmbMemberContactsService.js, cx_mmbSelectSeatPreferenceController.js, cx_mmbPassengerDetailsWidgetsGenerator.js</jsModules>
    </functionalModule>
    <functionalModule name="flightStatus">
        <dependentModules>core</dependentModules>
        <views>frmFlightStatusResultDetail,frmFlightStatusSearch,frmFlightStatusSearchResult,frmNotificationBarDetails,segTemplateFlightDetail,segTemplateFlightDetails,segTemplateFlightInfo,segTemplateFlightStatusDetail,segTemplateFlightSummary,segTemplateNotificationBarDetails 
        </views>
        <jsModules>cx_flightStatusResultDetailController.js,cx_flightStatusDelegate.js,cx_flightStatusSearchController.js,cx_flightStatusSearchResultController.js,cx_flightStatusSearchService.js, cx_notificationBarDetailsController.js</jsModules>
    </functionalModule>
    <functionalModule name="olci">
        <dependentModules>core</dependentModules>
        <views>frmOlciBaggageNotice1,frmOlciBaggageNotice2,frmOlciBaggageNotice3,frmOlciBaggageSummary,frmOlciConfirmation,frmOlciMobileBoardingPass,frmOlciNoticeContent,frmOlciCancelCheckInConfirm,frmOlciPassengerDetails,frmOlciPersonalDetails,frmOlciRequireInfo,frmOlciSelectFlight,frmOlciSelectNationality,frmOlciSelectPassengers,frmOlciSelectSeat,frmOlciSendMBPConfirmation,frmOlciSendMBPviaEmail,frmOlciSendMBPviaPassbook,frmOlciSendMBPviaSMS,frmOlciSendMBPviaWallet,frmOlciTravelDoc,frmOlciTravelDoc2,frmOlciTsaNotice,frmOlciSeatPreference,popOlciConfirmMsgBox,popOlciETAuthen,popOlciSeatMapLegend,segBaggageNoticeItem,segTemplateCheckinSuccessfulPassenger,segTemplateManageHotel,segTemplateMmbFlightAddDetail,segTemplateMmbFlightDetail,segTemplateOlciFlightInfo,segTemplateOLCIPassengers,segTemplateOLCISeatLegend,segTemplateOLCITravelDoc,segTemplateOLCITravelDocType,segTemplatePaxCheckStep,frmOlciChangeSeatConfirmation,frmOlciChangeSeatReconfirm,segTemplateChangeSeatPassengers</views>
        <jsModules>cx_olciBaggageNotice1Controller.js,cx_olciBaggageNotice2Controller.js,cx_olciBaggageNotice3Controller.js,cx_olciBaggageSummaryController.js,cx_olciConfirmMsgBoxController.js,cx_olciCancelCheckInConfirmController.js,cx_olciConfirmationController.js,cx_olciContext.js,cx_olciWorkflow.js,cx_olciETAuthenController.js,cx_olciMobileBoardingPassController.js,cx_olciMultipleBoardingPassHelper.js,cx_olciNoticeContentController.js,cx_olciPassengerError.js,cx_olciPassengerDetailsController.js,cx_olciPersonalDetailsController.js,cx_olciRequireInfoController.js,cx_olciSeatMapLegendController.js,cx_olciSelectFlightController.js,cx_olciSelectNationalityController.js,cx_olciSelectNationalityWidgetsGenerator.js,cx_olciSelectPassengersController.js,cx_olciSelectSeatController.js,cx_olciSendMBPviaEmailController.js,cx_olciSendMBPviaSMSController.js,cx_olciSendMBPConfirmationController.js,cx_olciService.js,cx_olciTravelDoc2Controller.js,cx_olciTravelDocController.js,cx_olciTsaNoticeController.js,cx_olciSeatPreferenceController.js,cx_seatmapHtml.js,cx_seatMapTransformer.js,cx_olciChangeSeatConfirmationController.js,cx_olciChangeSeatReconfirmController.js,cx_olciPassengerFieldsHelper.js,cx_olciTravelDocWidgetsGenerator.js</jsModules>
    </functionalModule>
	<functionalModule name="ibe">
        <dependentModules>core</dependentModules>
        <views>segFlexIbeFareDetails,segFlexFfpInvalidSelectors, segFlexFlightSummary, segFlexFareBreakdown, ibeFareBreakdownFooterTemplate, popIbeFareBreakdown, segTemplateIbeFareDetails, popIbeFlightDetail, segIbeFlightDetail, segFlexIbeTravelHelp, frmIbeFlightSearchResult, frmIbeReturningFlights, frmIbeODSelection, frmIbeTravelHelp, frmIbeFlightSummary, frmIbePassengerDetails,segTemplateChargeBreakdown, segTemplateChargesDeparting, segTemplateChargesReturning, segTemplateCarbonEmmission, frmIbeFlightSearchPanel,frmCalendar,segFlexFlightCard0,segFlexFlightCard1,segFlexFlightCard2,segFlexFlightCard3, popIbeNoPaymentGateway,frmIbePaymentNote,frmIbeGuidelinesPaxName,segTemplateGuidelinesPaxName,segFlexFlightDetails, segFlexSelectPaymentCard</views>
        <jsModules>cx_ibeFilterAndSortHelper.js,cx_ibeFareConditionsHelper.js,cx_ibeTaxesBreakdownHandler.js, cx_bookingBaseController.js,cx_ibeExceptionHandler.js,cx_ibeErrorHelper.js, cx_ibeFlightSearchResultDetail.js, cx_ibeFlightResultDelegate.js, cx_ibeFareBreakdownController.js, cx_ibeFlightDetailController.js, cx_ibeServices.js, cx_ibeReturningFlightsController.js, cx_ibeODSelectionController.js, cx_ibeFlightSummaryController.js, cx_ibeTravelHelpController.js, cx_ibeContext.js, cx_ibeFlightResultUtilities.js, cx_ibePassengersDetailsController.js, cx_ibePassengerDetailsWidgetsGenerator.js,cx_flexFormFieldWidget.js,cx_ibeHelper.js, cx_ibeFlightSearchResultController.js, cx_ibeNoPaymentGatewayController.js, cx_ibeGuidelinesPaxNameController.js,cx_ibeBookingSessionHelper.js,cx_ibeBaggageAllowanceParser.js</jsModules>
    </functionalModule>
    <functionalModule name="payment">
        <dependentModules>core</dependentModules>
        <views>frmPaymentHub,frmPaymentOrderTest,frmPaymentOption,frmPaymentTermsOfUse,frmPaymentSuccess,frmPaymentFailed,frmPaymentBrowser,segPaymentFlightDetails,segPaymentPassengerName,segPaymentFlightType,segFlexCreditCards,segFlexStoredCreditCard,frmPaymentErrorNote,frmPaymentFareRules,segBaggageContent,segBaggageNoticeHeader,segFlexFareRulesList, paymentSecurityCodeTipsFooter,paymentCreditCardTipsFooter, popSecurityCodeTips,popCreditCardTips,frmPaymentDeleteStoredCard,segFlexDeleteCardInfo</views>
        <jsModules>cx_paymentGatewayHelper.js,cx_paymentBaseController.js,cx_paymentManager.js,cx_paymentService.js,cx_paymentHtmlGenerator.js,cx_paymentCardDetector.js,cx_paymentAlipayStrategy.js,cx_paymentAdyenStrategy.js,cx_paymentResultParser.js,cx_paymentOrderTestController.js,cx_paymentOptionController.js,cx_paymentTermsOfUseController.js,cx_paymentSuccessController.js,cx_paymentSuccessWidgetGenerator.js,cx_paymentBrowserController.js,cx_paymentErrorNoteController.js,cx_paymentFareRulesController.js, cx_securityCodeTipsController.js,cx_creditCardTipsController.js,cx_paymentHubController.js,cx_paymentDeleteStoredCardController.js,cx_paymentHubWidgetsGenerator.js,cx_paymentCardDeleter.js</jsModules>
    </functionalModule>
    <functionalModule name="prototype">
        <dependentModules>core</dependentModules>
        <views>frmBackup</views>
        <jsModules>cx_formFieldWidgetController.js,cx_prototypeActionListController.js,cx_prototypeNavPanelController.js,cx_prototypeProgressBarController.js,cx_prototypeSelectorBarController.js,cx_prototypeStatusBarController.js,cx_prototypeToggleBarController.js,cx_prototypeTravelAlertBarController.js,temp_cqMockData.js,cx_emptyFormController.js</jsModules>
    </functionalModule>
<functionalModule loadOnStartUp="true" name="KonydefaultModules">
        <jsModules>appskins.js,application.js,ICEMobileglobalsequences.js,startup.js</jsModules>
    </functionalModule>
</functionalModules>
